"id","timestamp","outdoor_temp","outdoor_feels_like","outdoor_pressure","outdoor_humidity","outdoor_weather","outdoor_description","outdoor_pm25","outdoor_pm10","indoor_temp","indoor_light"
"1","2024-04-19 02:46:07","29.83","33.31","1005","64","Clouds","few clouds","65","33","27.75","42"
"2","2024-04-19 02:47:04","29.8","33.25","1005","64","Clouds","few clouds","65","33","27.75","42"
"3","2024-04-19 02:55:01","29.24","32.13","1005","64","Clouds","few clouds","65","34","28","42"
"4","2024-04-19 03:00:02","29.24","32.13","1005","64","Clouds","few clouds","65","34","27.75","42"
"5","2024-04-19 03:05:02","29.24","32.13","1005","64","Clouds","few clouds","65","34","27.5","42"
"6","2024-04-19 03:10:02","30.09","36.28","1005","74","Clouds","few clouds","65","34","27.75","42"
"7","2024-04-19 03:15:03","30.11","37.11","1005","79","Clouds","few clouds","65","34","27.5","43"
"8","2024-04-19 03:20:02","30.11","37.11","1005","79","Clouds","few clouds","65","34","28","40"
"9","2024-04-19 03:25:02","29.45","33.12","1005","67","Clouds","few clouds","65","34","27.75","38"
"10","2024-04-19 03:32:06","29.45","33.12","1005","67","Clouds","few clouds","65","34","28.5","39"
"11","2024-04-19 03:37:06","29.45","33.12","1005","67","Clouds","few clouds","65","34","28.5","39"
"12","2024-04-19 03:42:06","30.2","37.2","1005","79","Clouds","few clouds","65","34","28.5","18"
"13","2024-04-19 03:47:06","30.2","37.2","1005","79","Clouds","few clouds","69","36","28.5","18"
"14","2024-04-19 03:52:06","29.49","33.41","1005","68","Clouds","few clouds","69","36","28.25","18"
"15","2024-04-19 03:57:06","30.2","37.2","1005","79","Clouds","few clouds","71","38","28.5","18"
"16","2024-04-19 04:02:06","30.2","37.2","1005","79","Clouds","few clouds","71","38","28.25","19"
"17","2024-04-19 04:07:07","30.53","37.53","1005","78","Clouds","few clouds","71","38","28.25","19"
"18","2024-04-19 04:12:06","30.53","37.53","1005","78","Clouds","few clouds","71","40","28.25","19"
"19","2024-04-19 04:17:06","30.58","37.58","1005","79","Clouds","few clouds","71","40","28.25","19"
"20","2024-04-19 04:22:06","30.58","37.58","1005","79","Clouds","few clouds","73","41","28","18"
"21","2024-04-19 04:27:08","29.21","32.62","1005","67","Clouds","few clouds","73","42","28","18"
"22","2024-04-19 04:32:06","29.21","32.62","1005","67","Clouds","few clouds","73","42","28","19"
"23","2024-04-19 04:37:07","29.21","32.62","1005","67","Clouds","few clouds","73","42","28","18"
"24","2024-04-19 04:42:07","29.24","32.68","1005","67","Clouds","few clouds","73","42","28","18"
"25","2024-04-19 04:47:07","29.24","32.68","1005","67","Clouds","few clouds","73","42","27.75","18"
"26","2024-04-19 04:52:07","29.24","32.68","1005","67","Clouds","few clouds","73","42","27.5","18"
"27","2024-04-19 04:57:08","29.24","32.68","1005","67","Clouds","few clouds","73","42","27.75","18"
"28","2024-04-19 05:02:10","29.24","32.68","1005","67","Clouds","few clouds","73","42","27.5","18"
"29","2024-04-19 05:07:07","29.24","32.68","1005","67","Clouds","few clouds","73","42","27.75","18"
"30","2024-04-19 05:12:07","29.24","32.68","1005","67","Clouds","few clouds","73","42","27.5","19"
"31","2024-04-19 05:17:07","30.15","37.15","1005","79","Clouds","few clouds","73","42","27.5","18"
"32","2024-04-19 05:22:08","30.15","37.15","1005","79","Clouds","few clouds","73","42","27.75","18"
"33","2024-04-19 05:27:07","30.15","37.15","1005","79","Clouds","few clouds","80","47","27.5","19"
"34","2024-04-19 05:32:07","30.15","37.15","1005","79","Clouds","few clouds","80","47","27.5","18"
"35","2024-04-19 05:37:07","30.15","37.15","1005","79","Clouds","few clouds","80","47","27.5","18"
"36","2024-04-19 05:42:08","30.15","37.15","1005","79","Clouds","few clouds","84","48","27.5","19"
"37","2024-04-19 05:47:08","29.86","36.86","1006","84","Clouds","few clouds","84","48","27.5","19"
"38","2024-04-19 05:52:08","29.86","36.86","1006","84","Clouds","few clouds","82","49","27.5","19"
"39","2024-04-19 05:57:08","29.86","36.86","1006","84","Clouds","few clouds","84","50","27.5","19"
"40","2024-04-19 06:02:08","29.86","36.86","1006","84","Clouds","few clouds","84","50","27.5","21"
"41","2024-04-19 06:07:08","29.86","36.86","1006","84","Clouds","few clouds","86","50","27.25","21"
"42","2024-04-19 06:12:08","29.86","36.86","1006","84","Clouds","few clouds","86","50","27.5","23"
"43","2024-04-19 06:17:08","29.51","36.51","1006","84","Clouds","few clouds","88","53","27.25","26"
"44","2024-04-19 06:22:08","29.51","36.51","1006","84","Clouds","few clouds","88","53","27.25","28"
"45","2024-04-19 06:27:08","29.51","36.51","1006","84","Clouds","few clouds","88","53","27.25","30"
"46","2024-04-19 06:32:08","29.51","36.51","1006","84","Clouds","few clouds","88","53","27","32"
"47","2024-04-19 06:37:09","29.51","36.51","1006","84","Clouds","few clouds","88","53","27.25","35"
"48","2024-04-19 06:42:09","29.51","36.51","1006","84","Clouds","few clouds","93","53","27","37"
"49","2024-04-19 06:47:09","29.51","36.51","1006","84","Clouds","few clouds","93","53","27","40"
"50","2024-04-19 06:52:09","30.89","37.89","1007","89","Clouds","few clouds","95","55","27.25","41"
"51","2024-04-19 06:57:08","30.89","37.89","1007","89","Clouds","few clouds","95","55","27","43"
"52","2024-04-19 07:02:08","30.89","37.89","1007","89","Clouds","few clouds","95","55","27","45"
"53","2024-04-19 07:07:09","29.51","36.51","1006","84","Clouds","few clouds","95","55","27","47"
"54","2024-04-19 07:12:09","29.51","36.51","1006","84","Clouds","few clouds","95","55","27","48"
"55","2024-04-19 07:17:09","29.97","36.97","1006","79","Clouds","few clouds","95","55","27","49"
"56","2024-04-19 07:22:09","30.97","37.97","1007","74","Clouds","few clouds","95","55","27","51"
"57","2024-04-19 07:27:09","30.97","37.97","1007","74","Clouds","few clouds","95","55","27","52"
"58","2024-04-19 07:32:09","30.97","37.97","1007","74","Clouds","few clouds","95","55","27.25","52"
"59","2024-04-19 07:37:09","30.97","37.97","1007","74","Clouds","few clouds","95","55","27.25","52"
"60","2024-04-19 07:42:09","32.43","39.43","1008","84","Clouds","few clouds","95","55","27.25","54"
"61","2024-04-19 07:47:11","32.43","39.43","1008","84","Clouds","few clouds","95","55","27.25","56"
"62","2024-04-19 07:52:09","32.43","39.43","1008","84","Clouds","few clouds","95","55","27.5","56"
"63","2024-04-22 01:06:44","31.12","38.12","1006","74","Clouds","few clouds","119","62","29.25","37"
"64","2024-04-22 04:18:43","30.2","36.58","1005","74","Clouds","few clouds","106","59","29.25","18"
"65","2024-04-22 04:23:43","30.2","36.58","1005","74","Clouds","few clouds","109","60","28.75","19"
"66","2024-04-22 04:28:43","30.2","36.58","1005","74","Clouds","few clouds","106","60","28.75","18"
"67","2024-04-22 04:33:44","29.97","35.96","1005","74","Clouds","few clouds","106","60","28.5","18"
"68","2024-04-22 04:38:44","29.97","35.96","1005","74","Clouds","few clouds","106","60","28.5","18"
"69","2024-04-22 04:43:44","29.97","35.96","1005","74","Clouds","few clouds","106","59","28.5","18"
"70","2024-04-22 04:48:44","29.97","35.96","1005","74","Clouds","few clouds","106","59","28.25","18"
"71","2024-04-22 04:53:44","29.97","35.96","1005","74","Clouds","few clouds","106","59","28.5","18"
"72","2024-04-22 04:58:44","29.97","35.96","1005","74","Clouds","few clouds","106","59","28.25","18"
"73","2024-04-22 05:03:44","29.97","35.96","1005","74","Clouds","few clouds","109","60","28.25","18"
"74","2024-04-22 05:08:44","30.11","36.33","1005","74","Clouds","few clouds","106","59","28.25","18"
"75","2024-04-22 05:13:45","30.11","36.33","1005","74","Clouds","few clouds","106","59","28","19"
"76","2024-04-22 05:18:44","30.11","36.33","1005","74","Clouds","few clouds","106","59","28.25","18"
"77","2024-04-22 05:23:44","30.11","36.33","1005","74","Clouds","few clouds","106","59","28.25","19"
"78","2024-04-22 05:28:44","30.11","36.33","1005","74","Clouds","few clouds","106","59","28.25","18"
"79","2024-04-22 05:33:44","30.11","36.33","1005","74","Clouds","few clouds","106","59","28.25","18"
"80","2024-04-22 05:38:45","30.11","36.33","1005","74","Clouds","few clouds","104","58","28","18"
"81","2024-04-22 05:43:44","30.15","36.44","1005","74","Clouds","few clouds","104","58","28","18"
"82","2024-04-22 05:48:44","30.15","37.15","1006","79","Clouds","few clouds","101","59","28","18"
"83","2024-04-22 05:53:46","30.15","37.15","1006","79","Clouds","few clouds","101","59","28.25","18"
"84","2024-04-22 05:58:45","30.15","37.15","1006","79","Clouds","few clouds","101","58","28","19"
"85","2024-04-22 06:03:45","30.15","37.15","1006","79","Clouds","few clouds","101","58","28","20"
"86","2024-04-22 06:08:45","30.15","37.15","1006","79","Clouds","few clouds","101","58","28","22"
"87","2024-04-22 06:13:45","30.15","37.15","1006","79","Clouds","few clouds","101","57","28","23"
"88","2024-04-22 06:18:45","30.15","37.15","1006","79","Clouds","few clouds","101","56","28","25"
"89","2024-04-22 06:23:45","30.15","37.15","1006","79","Clouds","few clouds","101","56","28","27"
"90","2024-04-22 06:28:45","30.15","37.15","1006","79","Clouds","few clouds","101","57","28","29"
"91","2024-04-22 06:33:45","30.24","37.24","1006","79","Clouds","few clouds","101","57","28","31"
"92","2024-04-22 06:38:45","30.24","37.24","1006","79","Clouds","few clouds","101","57","27.75","34"
"93","2024-04-22 06:43:45","30.24","37.24","1006","79","Clouds","few clouds","101","57","28","35"
"94","2024-04-22 06:48:45","30.24","37.24","1006","79","Clouds","few clouds","106","57","27.75","37"
"95","2024-04-22 06:53:46","30.24","37.24","1007","84","Clouds","few clouds","106","57","27.75","40"
"96","2024-04-22 06:58:46","30.24","37.24","1007","84","Clouds","few clouds","106","57","27.75","41"
"97","2024-04-22 07:03:46","30.24","37.24","1007","84","Clouds","few clouds","106","57","27.75","42"
"98","2024-04-22 07:08:46","29.97","36.97","1007","84","Clouds","few clouds","106","57","27.75","43"
"99","2024-04-22 07:13:46","29.97","36.97","1007","84","Clouds","few clouds","106","57","27.75","45"
"100","2024-04-22 07:18:46","29.97","36.97","1007","84","Clouds","few clouds","106","57","27.5","46"
"101","2024-04-22 07:23:46","30.97","37.97","1007","79","Clouds","few clouds","106","57","27.75","46"
"102","2024-04-22 07:28:46","30.97","37.97","1007","79","Clouds","few clouds","106","57","27.75","47"
"103","2024-04-22 07:33:46","30.97","37.97","1007","79","Clouds","few clouds","106","57","27.75","50"
"104","2024-04-22 07:38:47","32.75","39.75","1008","88","Clouds","few clouds","106","57","27.5","50"
"105","2024-04-22 07:43:49","32.75","39.75","1008","88","Clouds","few clouds","106","57","27.75","52"
"106","2024-04-22 07:48:46","33.02","40.02","1008","86","Clouds","few clouds","106","57","27.5","52"
"107","2024-04-22 07:53:46","33.02","40.02","1008","86","Clouds","few clouds","106","57","27.5","50"
"108","2024-04-22 07:58:46","31.12","38.12","1008","79","Clouds","few clouds","106","57","27.5","50"
"109","2024-04-22 08:03:46","31.09","38.09","1008","79","Clouds","few clouds","106","57","27.5","50"
"110","2024-04-22 08:08:47","33.01","40.01","1009","86","Clouds","few clouds","106","57","27.75","50"
"111","2024-04-22 08:13:47","33.01","40.01","1009","86","Clouds","few clouds","106","57","27.75","53"
"112","2024-04-22 08:18:47","33.5","40.5","1009","83","Clouds","few clouds","106","57","27.75","52"
"113","2024-04-22 08:23:47","33.5","40.5","1009","83","Clouds","few clouds","106","57","27.75","53"
"114","2024-04-22 08:28:47","33.5","40.5","1009","83","Clouds","few clouds","106","57","27.5","55"
"115","2024-04-22 08:33:47","33.51","40.51","1009","81","Clouds","few clouds","106","57","27.5","55"
"116","2024-04-22 08:38:47","33.51","40.51","1009","81","Clouds","few clouds","106","57","27.75","57"
"117","2024-04-22 08:43:47","33.84","40.84","1009","80","Clouds","few clouds","106","57","27.5","58"
"118","2024-04-22 08:48:49","34.55","41.55","1009","77","Clouds","few clouds","116","61","27.5","56"
"119","2024-04-22 08:53:47","34.55","41.55","1009","77","Clouds","few clouds","116","61","27.5","57"
"120","2024-04-22 08:58:47","34.55","41.55","1009","77","Clouds","few clouds","111","61","27.5","58"
"121","2024-04-22 09:03:48","34.28","41.28","1009","78","Clouds","few clouds","111","61","27.75","53"
"122","2024-04-22 09:08:47","34.28","41.28","1009","75","Clouds","few clouds","121","63","27.5","58"
"123","2024-04-22 09:13:47","34.28","41.28","1009","78","Clouds","few clouds","121","63","27.5","60"
"124","2024-04-22 09:18:47","34.28","41.28","1009","75","Clouds","few clouds","119","63","27.75","61"
"125","2024-04-22 09:23:47","35.32","42.32","1009","68","Clouds","few clouds","119","63","28.5","68"
"126","2024-04-22 09:28:47","35.32","42.32","1009","68","Clouds","few clouds","116","62","29.25","70"
"127","2024-04-22 09:33:47","35.32","42.32","1009","68","Clouds","few clouds","116","61","29.75","55"
"128","2024-04-23 03:45:00","30.97","37.97","1005","75","Clouds","few clouds","97","56","28.25","18"
"129","2024-04-23 03:50:00","30.92","37.92","1005","75","Clouds","few clouds","97","54","28.5","18"
"130","2024-04-23 03:55:00","30.97","37.97","1005","75","Clouds","few clouds","97","55","28.75","19"
"131","2024-04-23 04:00:00","30.88","37.88","1005","75","Clouds","few clouds","97","55","28.75","19"
"132","2024-04-23 04:05:00","30.88","37.88","1005","75","Clouds","few clouds","97","55","28.5","19"
"133","2024-04-23 04:10:00","30.88","37.88","1005","75","Clouds","few clouds","95","55","28.75","19"
"134","2024-04-23 04:15:01","30.88","37.88","1005","75","Clouds","few clouds","97","56","28.75","18"
"135","2024-04-23 04:20:00","30.88","37.88","1005","75","Clouds","few clouds","97","56","28.75","18"
"136","2024-04-23 04:25:01","30.88","37.88","1005","75","Clouds","few clouds","97","56","28.5","18"
"137","2024-04-23 04:30:01","31","38","1005","75","Clouds","few clouds","97","56","28.5","19"
"138","2024-04-23 04:35:01","31","38","1005","75","Clouds","few clouds","97","56","28.5","18"
"139","2024-04-23 04:40:01","31","38","1005","75","Clouds","few clouds","97","56","28.5","18"
"140","2024-04-23 04:45:02","31","38","1005","75","Clouds","few clouds","97","56","28.5","19"
"141","2024-04-23 04:50:01","31","38","1005","75","Clouds","few clouds","99","56","28.25","18"
"142","2024-04-23 04:55:01","31","38","1005","75","Clouds","few clouds","99","56","28.5","18"
"143","2024-04-23 05:00:04","30.86","37.86","1005","75","Clouds","few clouds","99","56","28.25","18"
"144","2024-04-23 05:05:02","30.86","37.86","1005","75","Clouds","few clouds","99","56","28.25","18"
"145","2024-04-23 05:10:02","30.86","37.86","1005","75","Clouds","few clouds","97","55","28.25","19"
"146","2024-04-23 05:15:02","30.86","37.86","1005","75","Clouds","few clouds","97","55","28.25","18"
"147","2024-04-23 05:20:02","30.12","37.12","1005","78","Clouds","few clouds","99","57","28.25","19"
"148","2024-04-23 05:25:01","30.12","37.12","1005","78","Clouds","few clouds","99","57","28.25","18"
"149","2024-04-23 05:30:03","30.12","37.12","1005","78","Clouds","few clouds","101","56","28.25","18"
"150","2024-04-23 05:35:02","30.12","37.12","1005","78","Clouds","few clouds","101","56","28.25","18"
"151","2024-04-23 05:40:04","30.12","37.12","1005","78","Clouds","few clouds","99","57","28.25","18"
"152","2024-04-23 05:45:02","30.12","37.12","1006","79","Clouds","few clouds","101","57","28.25","18"
"153","2024-04-23 05:50:02","30.12","37.12","1006","79","Clouds","few clouds","101","57","28.25","18"
"154","2024-04-23 05:55:01","30.12","37.12","1006","79","Clouds","few clouds","101","57","28.25","19"
"155","2024-04-23 06:00:15","30.27","37.27","1006","78","Clouds","few clouds","101","57","28.25","19"
"156","2024-04-23 06:05:02","30.27","37.27","1006","78","Clouds","few clouds","101","57","28.25","19"
"157","2024-04-23 06:10:02","30.27","37.27","1006","78","Clouds","few clouds","99","57","28","20"
"158","2024-04-23 06:15:02","30.27","37.27","1006","78","Clouds","few clouds","101","57","28","21"
"159","2024-04-23 06:20:02","30.27","37.27","1006","82","Clouds","few clouds","101","57","28","22"
"160","2024-04-23 06:25:02","30.27","37.27","1006","82","Clouds","few clouds","101","57","28","23"
"161","2024-04-23 06:30:02","30.27","37.27","1006","82","Clouds","few clouds","101","57","28","24"
"162","2024-04-23 06:35:02","30.23","37.23","1006","82","Clouds","few clouds","101","57","28","25"
"163","2024-04-23 06:40:03","30.23","37.23","1006","82","Clouds","few clouds","104","59","28","26"
"164","2024-04-23 06:45:02","30.23","37.23","1006","82","Clouds","few clouds","104","59","28","26"
"165","2024-04-23 06:50:02","30.92","37.92","1006","78","Clouds","few clouds","104","59","27.75","27"
"166","2024-04-23 06:55:02","30.97","37.97","1006","78","Clouds","few clouds","104","59","27.75","26"
"167","2024-04-23 07:00:03","30.97","37.97","1006","78","Clouds","few clouds","104","59","27.75","24"
"168","2024-04-23 07:05:03","30.88","37.88","1006","78","Clouds","few clouds","104","59","27.75","24"
"169","2024-04-23 07:10:03","30.88","37.88","1006","78","Clouds","few clouds","104","59","27.75","25"
"170","2024-04-23 07:15:03","30.88","37.88","1006","78","Clouds","few clouds","104","59","27.75","25"
"171","2024-04-23 07:20:03","30.88","37.88","1006","78","Clouds","few clouds","104","59","27.75","29"
"172","2024-04-23 07:25:03","32.03","39.03","1008","86","Clouds","few clouds","104","59","27.75","31"
"173","2024-04-23 07:30:03","32.03","39.03","1008","86","Clouds","few clouds","104","59","28","31"
"174","2024-04-23 07:35:04","32.61","39.61","1008","86","Clouds","few clouds","104","59","27.75","28"
"175","2024-04-23 07:40:03","32.61","39.61","1008","86","Clouds","few clouds","104","59","27.75","30"
"176","2024-04-23 07:45:03","32.61","39.61","1008","86","Clouds","few clouds","104","59","27.75","32"
"177","2024-04-23 07:50:04","32.64","39.64","1008","86","Clouds","few clouds","104","59","27.75","32"
"178","2024-04-23 07:55:03","32.64","39.64","1008","86","Clouds","few clouds","104","59","27.75","30"
"179","2024-04-23 08:00:05","32.72","39.72","1008","86","Clouds","few clouds","104","59","27.75","34"
"180","2024-04-23 08:05:03","32.7","39.7","1008","85","Clouds","few clouds","104","59","28","37"
"181","2024-04-23 08:10:03","32.72","39.72","1008","86","Clouds","few clouds","104","59","27.75","37"
"182","2024-04-23 08:15:05","32.7","39.7","1008","85","Clouds","few clouds","104","59","27.75","41"
"183","2024-04-23 08:20:03","32.69","39.69","1008","85","Clouds","few clouds","104","59","28","41"
"184","2024-04-23 08:25:04","32.69","39.69","1008","85","Clouds","few clouds","104","59","28","39"
"185","2024-04-23 08:30:05","33.22","40.22","1009","81","Clouds","few clouds","104","59","28","41"
"186","2024-04-23 08:35:04","33.27","40.27","1009","81","Clouds","few clouds","116","61","28","45"
"187","2024-04-23 08:40:04","33.22","40.22","1009","81","Clouds","few clouds","116","63","28","45"
"188","2024-04-23 08:45:04","33.27","40.27","1009","80","Clouds","scattered clouds","116","63","28","44"
"189","2024-04-23 08:50:04","33.27","40.27","1009","80","Clouds","scattered clouds","121","62","28","43"
"190","2024-04-23 08:55:04","33.51","40.51","1009","79","Clouds","scattered clouds","121","62","27.75","40"
"191","2024-04-23 09:00:11","33.51","40.51","1009","79","Clouds","scattered clouds","121","64","27.75","39"
"192","2024-04-23 09:05:05","33.82","40.82","1009","79","Clouds","scattered clouds","121","63","27.75","37"
"193","2024-04-23 09:10:05","33.82","40.82","1009","79","Clouds","scattered clouds","121","63","28","41"
"194","2024-04-23 09:15:05","33.8","40.8","1009","78","Clouds","scattered clouds","121","63","27.75","43"
"195","2024-04-23 09:20:05","34.3","41.3","1009","77","Clouds","scattered clouds","124","63","27.75","42"
"196","2024-04-23 09:25:06","34.54","41.54","1009","75","Clouds","scattered clouds","124","63","27.75","45"
"197","2024-04-23 09:30:05","34.53","41.53","1009","75","Clouds","scattered clouds","124","63","28","45"
"198","2024-04-23 09:35:05","34.53","41.53","1009","75","Clouds","scattered clouds","124","63","28","56"
"199","2024-04-23 09:40:05","34.53","41.53","1009","75","Clouds","scattered clouds","124","63","29","40"
"200","2024-04-23 09:45:06","34.72","41.72","1009","71","Clouds","scattered clouds","124","63","29.25","36"
"201","2024-04-23 09:50:05","34.72","41.72","1009","71","Clouds","scattered clouds","124","63","29.75","37"
"202","2024-04-23 09:55:05","34.96","41.96","1009","69","Clouds","scattered clouds","124","63","30","51"
"203","2024-04-23 10:00:06","35.2","42.2","1009","69","Clouds","scattered clouds","114","61","30.25","53"
"204","2024-04-23 10:05:05","35.2","42.2","1009","69","Clouds","scattered clouds","114","61","30.25","45"
"205","2024-04-23 10:10:05","35.2","42.2","1009","69","Clouds","scattered clouds","111","60","30.5","42"
"206","2024-04-23 10:15:05","35.2","42.2","1009","69","Clouds","scattered clouds","111","60","30.5","40"
"207","2024-04-23 10:20:05","35.2","42.2","1009","68","Clouds","scattered clouds","116","63","30.75","52"
"208","2024-04-23 10:25:06","35.33","42.33","1009","68","Clouds","scattered clouds","116","63","30.75","52"
"209","2024-04-23 10:30:06","35.35","42.35","1009","67","Clouds","scattered clouds","121","63","30.75","52"
"210","2024-04-23 10:35:06","35.35","42.35","1009","67","Clouds","scattered clouds","121","63","30.75","52"
"211","2024-04-23 10:40:06","35.35","42.35","1009","67","Clouds","scattered clouds","124","63","31","41"
"212","2024-04-23 10:45:07","35.79","42.79","1009","65","Clouds","scattered clouds","124","63","31","48"
"213","2024-04-23 10:50:06","35.8","42.8","1009","65","Clouds","scattered clouds","124","64","31","42"
"214","2024-04-23 10:55:06","35.79","42.79","1009","65","Clouds","scattered clouds","124","65","31.25","50"
"215","2024-04-23 11:00:07","36.03","43.03","1009","63","Clouds","scattered clouds","124","65","31","50"
"216","2024-04-23 11:05:06","36.03","43.03","1009","63","Clouds","scattered clouds","124","65","31","49"
"217","2024-04-23 11:10:06","35.79","42.79","1008","64","Clouds","scattered clouds","126","65","31","47"
"218","2024-04-23 11:15:06","35.79","42.79","1008","64","Clouds","scattered clouds","126","65","31","42"
"219","2024-04-23 11:20:06","36.6","43.6","1008","59","Clouds","scattered clouds","124","65","31.25","44"
"220","2024-04-23 11:25:06","36.6","43.6","1008","59","Clouds","scattered clouds","124","65","31.25","44"
"221","2024-04-23 12:00:43","37.17","44.17","1008","56","Clouds","scattered clouds","136","68","32.25","44"
"222","2024-04-23 12:05:43","37.09","44.09","1008","55","Clouds","scattered clouds","134","67","31.75","45"
"223","2024-04-23 12:10:43","37.05","44.05","1008","55","Clouds","scattered clouds","134","67","31.5","45"
"224","2024-04-23 12:15:43","37.09","44.09","1008","55","Clouds","scattered clouds","131","67","31.5","44"
"225","2024-04-23 12:20:45","38.01","45.01","1007","52","Clouds","scattered clouds","131","67","31.5","40"
"226","2024-04-23 12:25:43","37.99","44.99","1007","52","Clouds","scattered clouds","131","67","31.5","41"
"227","2024-04-23 12:30:43","37.99","44.99","1007","52","Clouds","scattered clouds","124","64","31.5","45"
"228","2024-04-23 12:35:43","38.01","45.01","1007","50","Clouds","scattered clouds","124","64","31.5","45"
"229","2024-04-23 12:40:43","38.01","45.01","1007","50","Clouds","scattered clouds","126","65","31.5","46"
"230","2024-04-23 12:45:43","38.01","45.01","1007","50","Clouds","scattered clouds","126","65","31.5","46"
"231","2024-04-23 12:50:43","38.24","45.24","1007","50","Clouds","scattered clouds","124","63","31.5","44"
"232","2024-04-23 12:55:46","38.24","45.24","1007","50","Clouds","scattered clouds","124","63","31.5","46"
"233","2024-04-23 13:00:43","38.54","45.54","1007","48","Clouds","scattered clouds","124","63","31.5","47"
"234","2024-04-23 13:05:43","38.54","45.54","1007","48","Clouds","scattered clouds","124","63","31.5","47"
"235","2024-04-23 13:10:43","37.43","44.43","1007","49","Clouds","scattered clouds","121","63","31.75","48"
"236","2024-04-23 13:15:43","37.43","44.43","1006","49","Clouds","few clouds","124","64","31.75","48"
"237","2024-04-23 13:20:44","37.43","44.43","1007","49","Clouds","scattered clouds","124","64","31.5","49"
"238","2024-04-23 13:25:44","37.43","44.43","1006","49","Clouds","few clouds","124","64","31.75","49"
"239","2024-04-23 13:30:44","37.43","44.43","1006","49","Clouds","few clouds","121","64","31.75","49"
"240","2024-04-23 13:35:44","37.43","44.43","1006","49","Clouds","few clouds","121","64","31.75","46"
"241","2024-04-23 13:40:44","37.5","44.5","1006","49","Clouds","few clouds","116","62","32","51"
"242","2024-04-23 13:45:44","37.5","44.5","1006","49","Clouds","few clouds","114","61","32","51"
"243","2024-04-23 13:50:44","38.04","45.04","1006","46","Clouds","few clouds","114","61","32","52"
"244","2024-04-23 13:55:44","38.04","45.04","1006","46","Clouds","few clouds","116","63","32","51"
"245","2024-04-23 14:00:44","38.19","45.19","1006","45","Clouds","few clouds","116","63","32","52"
"246","2024-04-23 14:05:44","38.19","45.19","1006","45","Clouds","few clouds","109","60","32","52"
"247","2024-04-23 14:10:44","38.97","45.97","1005","44","Clouds","few clouds","109","60","32","53"
"248","2024-04-23 14:15:44","38.97","45.97","1005","44","Clouds","few clouds","109","59","32","54"
"249","2024-04-23 14:20:44","38.97","45.97","1005","44","Clouds","few clouds","109","59","32","53"
"250","2024-04-23 14:25:44","38.5","45.5","1005","44","Clouds","few clouds","109","59","32","53"
"251","2024-04-23 14:30:44","38.5","45.5","1005","44","Clouds","few clouds","109","59","31.75","55"
"252","2024-04-23 14:35:44","38.5","45.5","1005","44","Clouds","few clouds","106","58","32","54"
"253","2024-04-23 14:40:45","38.71","45.71","1005","43","Clouds","few clouds","106","58","32.25","55"
"254","2024-04-23 14:45:44","38.71","45.71","1005","43","Clouds","few clouds","104","57","32","55"
"255","2024-04-23 14:50:45","38.05","45.05","1005","45","Clouds","few clouds","104","57","32.25","55"
"256","2024-04-23 14:55:45","38.05","45.05","1005","45","Clouds","few clouds","104","57","32.25","56"
"257","2024-04-23 15:00:45","38.11","45.11","1005","45","Clouds","few clouds","101","57","32.25","56"
"258","2024-04-23 15:05:45","37.88","44.88","1005","44","Clouds","few clouds","101","57","32.25","56"
"259","2024-04-23 15:10:45","37.88","44.88","1005","44","Clouds","few clouds","101","57","32.25","56"
"260","2024-04-23 15:15:45","38.24","45.24","1005","43","Clouds","few clouds","101","57","32.25","56"
"261","2024-04-23 15:20:45","38.24","45.24","1005","43","Clouds","few clouds","101","56","32.25","56"
"262","2024-04-23 15:25:45","38.24","45.24","1005","43","Clouds","few clouds","97","55","32.5","57"
"263","2024-04-23 15:30:45","38.48","45.48","1004","42","Clouds","few clouds","97","55","32.5","57"
"264","2024-04-23 15:35:45","38.48","45.48","1004","42","Clouds","few clouds","95","54","32.5","56"
"265","2024-04-23 15:40:45","38.48","45.48","1004","42","Clouds","few clouds","95","54","32.5","57"
"266","2024-04-23 15:45:45","38.43","44.91","1004","41","Clouds","few clouds","95","54","32.5","56"
"267","2024-04-23 15:50:45","38.43","44.91","1004","41","Clouds","few clouds","95","54","32.5","56"
"268","2024-04-23 15:55:45","38.43","44.91","1004","41","Clouds","few clouds","88","51","32.75","55"
"269","2024-04-23 16:00:45","38.2","44.36","1004","41","Clouds","few clouds","88","51","32.75","55"
"270","2024-04-23 16:05:45","38.2","44.36","1004","41","Clouds","few clouds","86","52","32.75","55"
"271","2024-04-23 16:10:46","38.2","44.36","1004","41","Clouds","few clouds","86","52","32.75","54"
"272","2024-04-23 16:15:46","38.2","44.36","1004","41","Clouds","few clouds","84","46","32.5","54"
"273","2024-04-23 16:20:48","38.2","44.36","1004","41","Clouds","few clouds","84","46","32.75","53"
"274","2024-04-23 16:25:46","37.48","42.26","1004","40","Clouds","few clouds","84","49","32.75","56"
"275","2024-04-23 16:30:46","37.48","42.26","1004","40","Clouds","few clouds","84","49","32.75","55"
"276","2024-04-23 16:35:46","37.53","42.37","1004","40","Clouds","few clouds","84","49","32.75","54"
"277","2024-04-23 16:40:46","37.71","43.21","1004","41","Clouds","few clouds","84","49","32.75","53"
"278","2024-04-23 16:45:46","37.71","43.21","1004","41","Clouds","few clouds","84","49","32.75","53"
"279","2024-04-23 16:50:46","37.71","43.21","1004","41","Clouds","few clouds","88","51","32.75","54"
"280","2024-04-23 16:55:46","37.98","43.38","1004","40","Clouds","few clouds","88","51","32.75","45"
"281","2024-04-23 17:00:46","37.98","43.38","1004","40","Clouds","few clouds","88","51","32.5","42"
"282","2024-04-23 17:05:46","37.98","43.38","1004","40","Clouds","few clouds","88","51","32.75","38"
"283","2024-04-23 17:10:46","37.75","43.31","1004","41","Clouds","few clouds","80","45","32.75","43"
"284","2024-04-23 17:15:46","37.75","43.31","1004","41","Clouds","few clouds","80","47","32.75","43"
"285","2024-04-23 17:20:46","37.22","42.11","1004","41","Clouds","few clouds","80","47","32.75","34"
"286","2024-04-23 17:25:46","37.22","42.11","1004","41","Clouds","few clouds","84","47","32.75","28"
"287","2024-04-23 17:30:47","37.22","42.11","1004","41","Clouds","few clouds","84","47","32.75","25"
"288","2024-04-23 17:35:46","36.99","41.19","1004","40","Clouds","few clouds","80","46","33","25"
"289","2024-04-23 17:40:48","36.99","42.02","1004","42","Clouds","few clouds","80","46","32.75","24"
"290","2024-04-23 17:45:47","36.99","42.02","1004","42","Clouds","few clouds","78","46","32.75","23"
"291","2024-04-23 17:50:47","36.99","42.02","1004","42","Clouds","few clouds","78","46","32.75","23"
"292","2024-04-23 17:55:47","36.47","41.27","1004","43","Clouds","few clouds","78","43","32.75","22"
"293","2024-04-23 18:00:47","36.18","40.24","1004","42","Clouds","few clouds","78","43","33","22"
"294","2024-04-23 18:05:47","36.18","40.24","1004","42","Clouds","few clouds","78","43","33","21"
"295","2024-04-23 18:10:47","36.18","40.24","1004","42","Clouds","few clouds","76","41","33","21"
"296","2024-04-23 18:15:47","35.31","39.49","1004","45","Clouds","few clouds","76","41","33","20"
"297","2024-05-07 08:46:32","31.68","37.84","1012","65","RainThunderstorm","moderate rainthunderstorm","95","54","29.5","22"
"298","2024-05-07 08:51:32","31.68","37.84","1012","65","RainThunderstorm","moderate rainthunderstorm","95","54","30","22"
"299","2024-05-07 08:56:32","31.37","38.29","1012","69","ThunderstormRain","thunderstormmoderate rain","95","54","30.5","23"
"300","2024-05-07 09:01:32","31.22","37.88","1012","69","ThunderstormRain","thunderstormlight rain","95","54","31","23"
"301","2024-05-07 09:06:32","31.22","37.88","1012","69","ThunderstormRain","thunderstormlight rain","95","54","31.25","22"
"302","2024-05-07 09:11:32","31.22","37.88","1012","69","RainThunderstorm","moderate rainthunderstorm","95","54","31.5","21"
"303","2024-05-07 09:16:35","31.07","38.07","1012","71","ThunderstormRain","thunderstormmoderate rain","95","54","31.25","22"
"304","2024-05-07 09:21:32","31.22","37.88","1012","69","RainThunderstorm","moderate rainthunderstorm","95","54","31.5","22"
"305","2024-05-07 09:26:34","30.43","37.21","1013","74","ThunderstormRain","thunderstormlight rain","95","54","31.75","22"
"306","2024-05-07 09:31:37","30.43","37.21","1013","74","ThunderstormRain","thunderstormlight rain","95","54","32","22"
"307","2024-05-07 09:36:32","30.43","37.21","1013","74","ThunderstormRain","thunderstormlight rain","95","54","32","22"
"308","2024-05-07 09:41:32","30.44","35.1","1013","66","ThunderstormRain","thunderstormmoderate rain","95","54","32","21"
"309","2024-05-07 09:46:33","30.44","35.1","1013","66","ThunderstormRain","thunderstormmoderate rain","95","54","32.25","21"
"310","2024-05-07 09:51:33","29.39","33.81","1013","71","ThunderstormRain","thunderstorm with light rainmoderate rain","95","54","31.5","21"
"311","2024-05-07 09:56:33","29.46","33.97","1013","71","RainThunderstorm","moderate rainthunderstorm with light rain","95","54","31.25","23"
"312","2024-05-07 10:01:33","29.46","33.97","1013","71","RainThunderstorm","moderate rainthunderstorm with light rain","95","54","31.5","47"
"313","2024-05-07 10:06:33","29.24","33.66","1014","72","ThunderstormRain","thunderstorm with light rainmoderate rain","95","54","31.5","45"
"314","2024-05-07 10:11:33","29.24","33.66","1014","72","ThunderstormRain","thunderstorm with light rainmoderate rain","95","54","31.5","45"
"315","2024-05-07 10:16:33","29.24","33.66","1014","72","ThunderstormRain","thunderstorm with light rainmoderate rain","95","54","31.75","45"
"316","2024-05-07 10:21:33","29.44","33.92","1014","71","ThunderstormRain","thunderstorm with light rainmoderate rain","95","54","31.5","45"
"317","2024-05-07 10:26:35","29.44","33.92","1014","71","ThunderstormRain","thunderstorm with light rainmoderate rain","95","54","31.5","45"
"318","2024-05-07 10:31:34","29.44","33.92","1014","71","ThunderstormRain","thunderstorm with light rainmoderate rain","95","54","31.75","45"
"319","2024-05-07 10:36:36","28.81","33.23","1013","75","ThunderstormRain","thunderstorm with light rainmoderate rain","95","54","31.5","46"
"320","2024-05-07 10:41:36","28.81","33.23","1013","75","ThunderstormRain","thunderstorm with light rainmoderate rain","95","54","31.5","46"
"321","2024-05-07 10:46:36","28.81","33.23","1013","75","ThunderstormRain","thunderstorm with light rainmoderate rain","95","54","31.5","46"
"322","2024-05-07 10:51:38","28.81","33.23","1013","75","ThunderstormRain","thunderstorm with light rainmoderate rain","95","54","31.75","46"
"323","2024-05-07 10:56:33","28.81","33.23","1013","75","ThunderstormRain","thunderstorm with light rainmoderate rain","95","54","31.75","46"
"324","2024-05-07 11:01:34","28.78","33.16","1013","75","ThunderstormRain","thunderstorm with light rainmoderate rain","95","54","31.75","47"
"325","2024-05-07 11:06:34","28.78","33.16","1013","75","RainThunderstorm","moderate rainthunderstorm with light rain","95","54","31.5","46"
"326","2024-05-07 11:11:34","28.78","33.16","1013","75","ThunderstormRain","thunderstorm with light rainmoderate rain","95","54","31.5","47"
"327","2024-05-07 11:16:34","28.78","33.16","1013","75","ThunderstormRain","thunderstorm with light rainmoderate rain","95","54","31.75","46"
"328","2024-05-07 11:21:34","28.78","33.16","1013","75","ThunderstormRain","thunderstorm with light rainmoderate rain","95","54","31.5","46"
"329","2024-05-07 11:26:34","28.78","33.16","1013","75","ThunderstormRain","thunderstorm with light rainmoderate rain","95","54","31.75","46"
"330","2024-05-07 11:31:34","28.19","32.41","1014","79","Rain","moderate rain","95","54","31.5","45"
"331","2024-05-07 11:36:34","28.19","32.41","1014","79","Rain","moderate rain","95","54","31.5","46"
"332","2024-05-07 11:41:34","28.19","32.41","1014","79","Rain","moderate rain","95","54","31.5","46"
"333","2024-05-07 11:51:30","28.19","31.93","1014","76","Rain","moderate rain","95","54","31.75","46"
"334","2024-05-07 11:56:30","28.39","32.4","1014","76","Rain","moderate rain","95","54","31.75","46"
"335","2024-05-07 12:01:30","28.39","32.4","1014","76","Rain","moderate rain","65","35","31.5","47"
"336","2024-05-07 12:06:30","28.19","31.93","1014","76","Rain","light rain","65","35","31.75","46"
"337","2024-05-07 12:11:30","28.19","31.93","1014","76","Rain","light rain","69","38","31.75","47"
"338","2024-05-07 12:16:30","28.19","31.93","1014","76","Rain","light rain","69","38","31.75","48"
"339","2024-05-07 12:41:12","28.19","31.93","1013","76","Rain","light rain","69","37","31.25","38"
"340","2024-05-07 12:46:12","28.19","31.93","1013","76","Rain","light rain","69","37","31.5","38"
"341","2024-05-07 12:51:11","28.19","31.93","1013","76","Rain","light rain","65","35","31.75","40"
"342","2024-05-07 12:56:11","28.16","32.34","1013","79","Rain","light rain","65","37","31.75","40"
"343","2024-05-07 13:01:12","28.16","32.34","1013","79","Rain","light rain","65","37","32","41"
"344","2024-05-07 13:06:12","28.14","32.29","1013","79","Rain","light rain","69","36","31.75","45"
"345","2024-05-07 13:11:16","28.36","32.84","1013","79","Rain","light rain","69","36","31.75","44"
"346","2024-05-07 13:16:12","28.36","32.84","1013","79","Rain","light rain","71","40","31.75","41"
"347","2024-05-07 13:21:14","28.36","32.84","1013","79","Rain","light rain","71","40","31.75","39"
"348","2024-05-07 13:26:12","28.7","33.34","1012","77","Clouds","scattered clouds","69","40","31.75","37"
"349","2024-05-07 13:31:12","28.7","33.34","1012","77","Clouds","scattered clouds","69","40","31.75","36"
"350","2024-05-07 13:36:13","28.7","33.34","1012","77","Clouds","scattered clouds","69","40","31.75","34"
"351","2024-05-07 13:41:12","28.7","33.34","1012","77","Clouds","scattered clouds","67","37","31.75","34"
"352","2024-05-07 13:46:13","28.55","32.96","1011","77","Rain","light rain","67","37","31.75","32"
"353","2024-05-07 13:51:12","28.55","32.96","1011","77","Rain","light rain","69","38","31.75","31"
"354","2024-05-07 13:56:13","28.55","32.96","1011","77","Rain","light rain","69","38","31.75","30"
"355","2024-05-07 14:01:13","28.55","32.96","1011","77","Rain","light rain","65","35","31.75","49"
"356","2024-05-07 14:30:46","28.55","32.96","1011","77","Rain","light rain","59","30","31.5","47"
"357","2024-05-07 14:35:44","28.55","32.96","1011","77","Rain","light rain","59","30","31.25","47"
"358","2024-05-07 14:40:47","28.88","35.5","1011","85","Rain","light rain","59","31","31.25","48"
"359","2024-05-07 14:45:45","28.88","35.5","1011","85","Rain","light rain","59","31","31.25","47"
"360","2024-05-07 14:50:45","29.18","35.25","1011","80","Rain","light rain","63","32","31.25","47"
"361","2024-05-07 14:58:28","29.18","35.25","1011","80","Rain","light rain","65","35","31.75","48"
"362","2024-05-07 15:03:28","29.24","35.42","1011","80","Rain","light rain","65","35","31.5","48"
